"Address","Occurrences","Indexability","Indexability Status","Canonical Link Element 1","HTTP Canonical","Meta Robots 1","X-Robots-Tag 1","rel=""next"" 1","rel=""prev"" 1","HTTP rel=""next"" 1","HTTP rel=""prev"" 1"
"https://homenesto.com/verification-process/","1","Non-Indexable","Canonicalised","https://homenesto.com/verification-process","","index, follow, max-image-preview:large","","","","",""
"https://homenesto.com/tools/","1","Non-Indexable","Canonicalised","https://homenesto.com/tools","","index, follow, max-image-preview:large","","","","",""
"https://homenesto.com/terms-and-conditions/","1","Non-Indexable","Canonicalised","https://homenesto.com/terms-and-conditions","","index, follow, max-image-preview:large","","","","",""
"https://homenesto.com/rental-yield-calculator/","1","Non-Indexable","Canonicalised","https://homenesto.com/rental-yield-calculator","","index, follow, max-image-preview:large","","","","",""
"https://homenesto.com/rent-vs-buy-calculator/","1","Non-Indexable","Canonicalised","https://homenesto.com/rent-vs-buy-calculator","","index, follow, max-image-preview:large","","","","",""
"https://homenesto.com/property-appreciation-calculator/","1","Non-Indexable","Canonicalised","https://homenesto.com/property-appreciation-calculator","","index, follow, max-image-preview:large","","","","",""
"https://homenesto.com/properties-roi-calculator/","1","Non-Indexable","Canonicalised","https://homenesto.com/properties-roi-calculator","","index, follow, max-image-preview:large","","","","",""
"https://homenesto.com/privacy-policy/","1","Non-Indexable","Canonicalised","https://homenesto.com/privacy-policy","","index, follow, max-image-preview:large","","","","",""
"https://homenesto.com/office-space-calculator/","1","Non-Indexable","Canonicalised","https://homenesto.com/office-space-calculator","","index, follow, max-image-preview:large","","","","",""
"https://homenesto.com/loan-emi-calculator/","1","Non-Indexable","Canonicalised","https://homenesto.com/loan-emi-calculator","","index, follow, max-image-preview:large","","","","",""
"https://homenesto.com/list-your-project-properties/","1","Non-Indexable","Canonicalised","https://homenesto.com/list-your-project-properties","","index, follow, max-image-preview:large","","","","",""
"https://homenesto.com/land-unit-area-converter/","1","Non-Indexable","Canonicalised","https://homenesto.com/land-unit-area-converter","","index, follow, max-image-preview:large","","","","",""
"https://homenesto.com/home-loan-emi-calculator/","1","Non-Indexable","Canonicalised","https://homenesto.com/home-loan-emi-calculator","","index, follow, max-image-preview:large","","","","",""
"https://homenesto.com/home-affordability-calculator/","1","Non-Indexable","Canonicalised","https://homenesto.com/home-affordability-calculator","","index, follow, max-image-preview:large","","","","",""
"https://homenesto.com/faq/","1","Non-Indexable","Canonicalised","https://homenesto.com/faq","","index, follow, max-image-preview:large","","","","",""
"https://homenesto.com/editorial-policy/","1","Non-Indexable","Canonicalised","https://homenesto.com/editorial-policy","","index, follow, max-image-preview:large","","","","",""
"https://homenesto.com/down-payment-calculator/","1","Non-Indexable","Canonicalised","https://homenesto.com/down-payment-calculator","","index, follow, max-image-preview:large","","","","",""
"https://homenesto.com/disclaimer/","1","Non-Indexable","Canonicalised","https://homenesto.com/disclaimer","","index, follow, max-image-preview:large","","","","",""
"https://homenesto.com/contact-us/","1","Non-Indexable","Canonicalised","https://homenesto.com/contact-us","","index, follow, max-image-preview:large","","","","",""
"https://homenesto.com/compare-properties/","1","Non-Indexable","Canonicalised","https://homenesto.com/compare-properties","","index, follow, max-image-preview:large","","","","",""
"https://homenesto.com/collections/township-projects-in-ahmedabad/","1","Non-Indexable","Canonicalised","https://homenesto.com/collections/township-projects-in-ahmedabad","","index, follow, max-image-preview:large","","","","",""
"https://homenesto.com/collections/top-projects-in-ahmedabad/","1","Non-Indexable","Canonicalised","https://homenesto.com/collections/top-projects-in-ahmedabad","","index, follow, max-image-preview:large","","","","",""
"https://homenesto.com/collections/shops-in-rajkot/","1","Non-Indexable","Canonicalised","https://homenesto.com/collections/shops-in-rajkot","","index, follow, max-image-preview:large","","","","",""
"https://homenesto.com/collections/retail-shops-in-rajkot/","1","Non-Indexable","Canonicalised","https://homenesto.com/collections/retail-shops-in-rajkot","","index, follow, max-image-preview:large","","","","",""
"https://homenesto.com/collections/residential-projects-in-rajkot/","1","Non-Indexable","Canonicalised","https://homenesto.com/collections/residential-projects-in-rajkot","","index, follow, max-image-preview:large","","","","",""
"https://homenesto.com/collections/ready-to-move-flats-in-rajkot/","1","Non-Indexable","Canonicalised","https://homenesto.com/collections/ready-to-move-flats-in-rajkot","","index, follow, max-image-preview:large","","","","",""
"https://homenesto.com/collections/plots-for-sale-in-ahmedabad/","1","Non-Indexable","Canonicalised","https://homenesto.com/collections/plots-for-sale-in-ahmedabad","","index, follow, max-image-preview:large","","","","",""
"https://homenesto.com/collections/office-spaces-in-rajkot/","1","Non-Indexable","Canonicalised","https://homenesto.com/collections/office-spaces-in-rajkot","","index, follow, max-image-preview:large","","","","",""
"https://homenesto.com/collections/new-launch-projects-in-ahmedabad/","1","Non-Indexable","Canonicalised","https://homenesto.com/collections/new-launch-projects-in-ahmedabad","","index, follow, max-image-preview:large","","","","",""
"https://homenesto.com/collections/mixed-use-projects-in-rajkot/","1","Non-Indexable","Canonicalised","https://homenesto.com/collections/mixed-use-projects-in-rajkot","","index, follow, max-image-preview:large","","","","",""
"https://homenesto.com/collections/luxury-penthouses-in-ahmedabad/","1","Non-Indexable","Canonicalised","https://homenesto.com/collections/luxury-penthouses-in-ahmedabad","","index, follow, max-image-preview:large","","","","",""
"https://homenesto.com/collections/luxury-homes-in-rajkot/","1","Non-Indexable","Canonicalised","https://homenesto.com/collections/luxury-homes-in-rajkot","","index, follow, max-image-preview:large","","","","",""
"https://homenesto.com/collections/investment-properties-in-ahmedabad/","1","Non-Indexable","Canonicalised","https://homenesto.com/collections/investment-properties-in-ahmedabad","","index, follow, max-image-preview:large","","","","",""
"https://homenesto.com/collections/high-rise-towers-in-rajkot/","1","Non-Indexable","Canonicalised","https://homenesto.com/collections/high-rise-towers-in-rajkot","","index, follow, max-image-preview:large","","","","",""
"https://homenesto.com/collections/gated-community-projects-in-ahmedabad/","1","Non-Indexable","Canonicalised","https://homenesto.com/collections/gated-community-projects-in-ahmedabad","","index, follow, max-image-preview:large","","","","",""
"https://homenesto.com/collections/family-apartments-in-surat/","1","Non-Indexable","Canonicalised","https://homenesto.com/collections/family-apartments-in-surat","","index, follow, max-image-preview:large","","","","",""
"https://homenesto.com/collections/best-commercial-projects-in-rajkot/","1","Non-Indexable","Canonicalised","https://homenesto.com/collections/best-commercial-projects-in-rajkot","","index, follow, max-image-preview:large","","","","",""
"https://homenesto.com/collections/affordable-flats-in-ahmedabad/","1","Non-Indexable","Canonicalised","https://homenesto.com/collections/affordable-flats-in-ahmedabad","","index, follow, max-image-preview:large","","","","",""
"https://homenesto.com/collections/3bhk-flats/","1","Non-Indexable","Canonicalised","https://homenesto.com/collections/3bhk-flats","","index, follow, max-image-preview:large","","","","",""
"https://homenesto.com/collections/2bhk-flats-in-rajkot/","1","Non-Indexable","Canonicalised","https://homenesto.com/collections/2bhk-flats-in-rajkot","","index, follow, max-image-preview:large","","","","",""
"https://homenesto.com/collections/2bhk-flats-in-ahmedabad/","1","Non-Indexable","Canonicalised","https://homenesto.com/collections/2bhk-flats-in-ahmedabad","","index, follow, max-image-preview:large","","","","",""
"https://homenesto.com/collections/","1","Non-Indexable","Canonicalised","https://homenesto.com/collections","","index, follow, max-image-preview:large","","","","",""
"https://homenesto.com/cities/","1","Non-Indexable","Canonicalised","https://homenesto.com/cities","","index, follow, max-image-preview:large","","","","",""
"https://homenesto.com/careers/","1","Non-Indexable","Canonicalised","https://homenesto.com/careers","","index, follow, max-image-preview:large","","","","",""
"https://homenesto.com/buying-guide/stamp-duty-guide/","1","Non-Indexable","Canonicalised","https://homenesto.com/buying-guide/stamp-duty-guide","","index, follow, max-image-preview:large","","","","",""
"https://homenesto.com/buying-guide/rera-guide/","1","Non-Indexable","Canonicalised","https://homenesto.com/buying-guide/rera-guide","","index, follow, max-image-preview:large","","","","",""
"https://homenesto.com/buying-guide/property-tax-guide/","1","Non-Indexable","Canonicalised","https://homenesto.com/buying-guide/property-tax-guide","","index, follow, max-image-preview:large","","","","",""
"https://homenesto.com/buying-guide/property-documents-checklist/","1","Non-Indexable","Canonicalised","https://homenesto.com/buying-guide/property-documents-checklist","","index, follow, max-image-preview:large","","","","",""
"https://homenesto.com/buying-guide/how-to-buy-property/","1","Non-Indexable","Canonicalised","https://homenesto.com/buying-guide/how-to-buy-property","","index, follow, max-image-preview:large","","","","",""
"https://homenesto.com/buying-guide/home-loan-guide/","1","Non-Indexable","Canonicalised","https://homenesto.com/buying-guide/home-loan-guide","","index, follow, max-image-preview:large","","","","",""
"https://homenesto.com/buying-guide/","1","Non-Indexable","Canonicalised","https://homenesto.com/buying-guide","","index, follow, max-image-preview:large","","","","",""
"https://homenesto.com/blog/affordable-rental-apartments-top-5-areas-in-bengaluru-for-budget-friendly-living","1","Non-Indexable","Canonicalised","https://homenesto.com/blog/affordable-rental-apartments-top-5-areas-in-bengaluru","","index, follow, max-image-preview:large","","","","",""
"https://homenesto.com/author/neil-bhodia/","1","Non-Indexable","Canonicalised","https://homenesto.com/author/neil-bhodia","","index, follow, max-image-preview:large","","","","",""
"https://homenesto.com/author/madhav-ladani/","1","Non-Indexable","Canonicalised","https://homenesto.com/author/madhav-ladani","","index, follow, max-image-preview:large","","","","",""
"https://homenesto.com/author/dhawal-patel/","1","Non-Indexable","Canonicalised","https://homenesto.com/author/dhawal-patel","","index, follow, max-image-preview:large","","","","",""
"https://homenesto.com/advertise-with-us/","1","Non-Indexable","Canonicalised","https://homenesto.com/advertise-with-us","","index, follow, max-image-preview:large","","","","",""
"https://homenesto.com/about-us/","1","Non-Indexable","Canonicalised","https://homenesto.com/about-us","","index, follow, max-image-preview:large","","","","",""
